City_ID,City,Country,Date,Lat,Lng,Max Temp,Humidity,Cloudiness,Wind Speed
0,Rikitea,PF,2021-08-04 00:14:31,-23.1203,-134.9692,70.11,61,87,16.96
1,Vaini,TO,2021-08-04 00:18:24,-21.2,-175.2,73.56,88,40,14.97
2,Bredasdorp,ZA,2021-08-04 00:18:24,-34.5322,20.0403,54.72,82,36,3.44
3,New Norfolk,AU,2021-08-04 00:18:24,-42.7826,147.0587,52.92,83,72,1.01
4,Faanui,PF,2021-08-04 00:18:25,-16.4833,-151.75,79.2,72,42,9.62
5,Busselton,AU,2021-08-04 00:18:25,-33.65,115.3333,43.09,77,74,3.02
6,Kapaa,US,2021-08-04 00:18:26,22.0752,-159.319,84.18,76,90,4.0
7,Tongliao,CN,2021-08-04 00:18:26,43.6125,122.2653,68.94,94,100,11.97
8,Moron,AR,2021-08-04 00:18:26,-34.6534,-58.6198,55.98,83,12,3.62
9,Vardo,NO,2021-08-04 00:18:27,70.3705,31.1107,46.15,96,100,35.03
10,Saint George,US,2021-08-04 00:15:03,37.1041,-113.5841,106.27,13,1,3.0
11,Tuktoyaktuk,CA,2021-08-04 00:18:27,69.4541,-133.0374,55.4,54,20,6.91
12,Jamestown,US,2021-08-04 00:18:28,42.097,-79.2353,71.19,56,1,0.0
13,Bilibino,RU,2021-08-04 00:18:28,68.0546,166.4372,35.38,97,100,7.2
14,Mataura,NZ,2021-08-04 00:18:28,-46.1927,168.8643,42.48,68,89,4.21
15,Ushuaia,AR,2021-08-04 00:18:29,-54.8,-68.3,42.46,65,40,4.61
16,Lebu,CL,2021-08-04 00:18:29,-37.6167,-73.65,50.54,91,26,9.91
17,Hobart,AU,2021-08-04 00:18:30,-42.8794,147.3294,53.26,77,75,1.99
18,Wanaka,NZ,2021-08-04 00:18:30,-44.7,169.15,39.11,99,100,3.0
19,Hithadhoo,MV,2021-08-04 00:18:30,-0.6,73.0833,81.45,76,100,9.06
20,Port Alfred,ZA,2021-08-04 00:18:31,-33.5906,26.891,66.38,34,0,6.35
21,Avarua,CK,2021-08-04 00:15:16,-21.2078,-159.775,75.25,78,75,6.91
22,Verkhniye Sergi,RU,2021-08-04 00:18:31,56.6469,59.5556,62.04,78,71,3.38
23,Lavrentiya,RU,2021-08-04 00:18:32,65.5833,-171.0,47.53,96,86,6.13
24,Albany,US,2021-08-04 00:15:10,42.6001,-73.9662,69.78,77,100,3.06
25,Nanortalik,GL,2021-08-04 00:18:32,60.1432,-45.2371,44.46,96,100,7.72
26,Provideniya,RU,2021-08-04 00:18:32,64.3833,-173.3,53.71,87,90,8.95
27,Kidal,ML,2021-08-04 00:18:33,18.4411,1.4078,89.19,40,75,12.06
28,Turayf,SA,2021-08-04 00:18:33,31.6725,38.6637,77.25,27,0,9.22
29,Bambous Virieux,MU,2021-08-04 00:18:33,-20.3428,57.7575,70.05,73,20,8.05
30,Dikson,RU,2021-08-04 00:18:34,73.5069,80.5464,46.11,85,100,7.67
31,Yellowknife,CA,2021-08-04 00:15:04,62.456,-114.3525,63.32,35,100,13.18
32,Bonavista,CA,2021-08-04 00:18:34,48.6499,-53.1147,65.12,76,66,16.02
33,Butaritari,KI,2021-08-04 00:18:35,3.0707,172.7902,83.39,71,96,13.33
34,Dali,CN,2021-08-04 00:18:35,25.7,100.1833,65.1,80,0,2.1
35,Kushmurun,KZ,2021-08-04 00:18:36,52.4503,64.6311,70.95,60,83,3.2
36,Atuona,PF,2021-08-04 00:18:36,-9.8,-139.0333,77.65,71,37,15.57
37,Malanje,AO,2021-08-04 00:18:36,-9.5402,16.341,66.04,33,2,3.69
38,Praia,CV,2021-08-04 00:15:12,14.9215,-23.5087,75.74,100,90,10.36
39,Prainha,BR,2021-08-04 00:18:36,-1.8,-53.48,75.83,69,87,3.51
40,Hongjiang,CN,2021-08-04 00:18:37,27.11,109.9956,80.47,80,41,3.2
41,Klyuchi,RU,2021-08-04 00:18:38,52.2667,79.1667,63.28,64,42,2.44
42,Asau,RO,2021-08-04 00:18:38,46.4333,26.4,61.39,94,17,2.39
43,Bengkulu,ID,2021-08-04 00:18:38,-3.8004,102.2655,75.4,91,85,4.43
44,Punta Arenas,CL,2021-08-04 00:16:08,-53.15,-70.9167,42.91,70,0,6.91
45,Roanoke Rapids,US,2021-08-04 00:18:39,36.4615,-77.6542,72.34,91,100,8.16
46,Shasta Lake,US,2021-08-04 00:18:39,40.6804,-122.3708,105.82,8,85,1.01
47,Cayenne,GF,2021-08-04 00:15:16,4.9333,-52.3333,82.09,82,0,1.01
48,Tromso,NO,2021-08-04 00:18:12,69.6496,18.957,47.05,87,75,2.3
49,Ponta Do Sol,PT,2021-08-04 00:18:40,32.6667,-17.1,72.23,78,4,6.85
50,Saint-Philippe,RE,2021-08-04 00:18:40,-21.3585,55.7679,65.79,87,13,11.12
51,Bud,US,2021-08-04 00:18:40,39.447,-86.1758,78.64,59,45,4.23
52,Guerrero Negro,MX,2021-08-04 00:18:41,27.9769,-114.0611,82.08,53,22,14.94
53,Omboue,GA,2021-08-04 00:18:41,-1.5746,9.2618,74.1,90,37,9.08
54,Gravelbourg,CA,2021-08-04 00:18:41,49.8834,-106.5512,75.47,47,100,9.95
55,Klaksvik,FO,2021-08-04 00:18:42,62.2266,-6.589,50.92,91,100,4.38
56,Barrow,US,2021-08-04 00:18:24,71.2906,-156.7887,50.02,68,90,13.8
57,Phek,IN,2021-08-04 00:18:42,25.6667,94.5,60.44,99,59,1.68
58,Portland,US,2021-08-04 00:18:43,45.5234,-122.6762,95.45,41,40,3.0
59,Kodiak,US,2021-08-04 00:18:43,57.79,-152.4072,58.51,77,90,8.05
60,Puerto Ayora,EC,2021-08-04 00:18:43,-0.7393,-90.3518,69.84,80,76,7.38
61,Mahebourg,MU,2021-08-04 00:18:43,-20.4081,57.7,70.09,73,20,8.05
62,Staroaleyskoye,RU,2021-08-04 00:18:44,51.0061,82.0,61.74,78,70,1.43
63,Jatai,BR,2021-08-04 00:18:44,-17.8814,-51.7144,65.86,51,68,6.22
64,Tasiilaq,GL,2021-08-04 00:18:45,65.6145,-37.6368,46.56,82,100,2.57
65,Chyhyryn,UA,2021-08-04 00:18:45,49.0838,32.6555,66.94,62,39,4.54
66,Yeppoon,AU,2021-08-04 00:18:45,-23.1333,150.7333,71.38,35,39,11.14
67,Nikolskoye,RU,2021-08-04 00:18:46,59.7035,30.7861,54.01,95,31,5.21
68,Cape Town,ZA,2021-08-04 00:14:37,-33.9258,18.4232,57.11,86,36,1.99
69,Haines Junction,CA,2021-08-04 00:18:47,60.7522,-137.5108,71.65,42,77,0.63
70,Chuy,UY,2021-08-04 00:18:47,-33.6971,-53.4616,48.87,92,3,4.41
71,Taonan,CN,2021-08-04 00:18:47,45.3333,122.7833,64.99,96,100,9.75
72,Riesi,IT,2021-08-04 00:18:47,37.2819,14.0823,81.37,51,1,2.93
73,Quang Ngai,VN,2021-08-04 00:14:54,15.1167,108.8,82.09,70,100,5.14
74,Rovaniemi,FI,2021-08-04 00:18:48,66.5,25.7167,53.01,58,0,14.97
75,Norwalk,US,2021-08-04 00:18:18,33.9022,-118.0817,110.64,44,1,3.0
76,Lazaro Cardenas,MX,2021-08-04 00:18:49,17.9583,-102.2,85.3,75,18,6.42
77,Qaanaaq,GL,2021-08-04 00:15:15,77.484,-69.3632,41.65,98,100,4.29
78,Ancud,CL,2021-08-04 00:18:49,-41.8697,-73.8203,43.43,77,62,5.39
79,Naruja,GE,2021-08-04 00:18:49,41.9069,41.9542,72.39,89,15,3.69
80,Hilo,US,2021-08-04 00:18:50,19.7297,-155.09,80.33,69,75,9.22
81,Yellapur,IN,2021-08-04 00:18:50,14.9667,74.7167,69.13,97,91,4.45
82,Olinda,BR,2021-08-04 00:18:50,-8.0089,-34.8553,76.73,78,90,10.36
83,Severo-Kurilsk,RU,2021-08-04 00:18:51,50.6789,156.125,53.94,70,70,17.6
84,Coquimbo,CL,2021-08-04 00:18:51,-29.9533,-71.3436,53.33,87,20,3.44
85,Ordzhonikidze,KZ,2021-08-04 00:18:51,52.4411,61.7408,71.01,45,89,5.12
86,Kandrian,PG,2021-08-04 00:18:52,-6.2167,149.55,82.08,78,62,4.81
87,Energeticheskiy,KZ,2021-08-04 00:18:52,43.4278,77.0222,66.76,39,75,4.47
88,Qasigiannguit,GL,2021-08-04 00:18:52,68.8193,-51.1922,48.45,86,85,1.19
89,Kaitangata,NZ,2021-08-04 00:18:53,-46.2817,169.8464,50.94,63,57,5.75
90,Chokurdakh,RU,2021-08-04 00:18:53,70.6333,147.9167,52.56,38,16,9.98
91,Kirakira,SB,2021-08-04 00:18:53,-10.4544,161.9205,81.23,69,92,7.61
92,Kailua,US,2021-08-04 00:18:54,21.4022,-157.7394,85.98,61,20,12.66
93,Barranca,PE,2021-08-04 00:18:54,-10.75,-77.7667,64.0,83,10,8.77
94,Lingao,CN,2021-08-04 00:18:55,19.9103,109.6859,82.8,82,97,15.12
95,Pumiao,CN,2021-08-04 00:18:55,22.75,108.4833,79.2,73,40,3.06
96,Longyearbyen,SJ,2021-08-04 00:18:55,78.2186,15.6401,46.24,71,75,12.66
97,Morada Nova,BR,2021-08-04 00:18:56,-5.1067,-38.3725,78.22,70,77,3.38
98,Mafeteng,LS,2021-08-04 00:18:56,-29.823,27.2374,43.16,37,0,4.94
99,Kahului,US,2021-08-04 00:18:57,20.8947,-156.47,86.02,70,40,25.32
100,Qaqortoq,GL,2021-08-04 00:18:57,60.7167,-46.0333,46.9,94,100,6.62
101,Esperance,AU,2021-08-04 00:18:57,-33.8667,121.9,51.64,74,88,4.83
102,Garden City,US,2021-08-04 00:18:58,42.3256,-83.331,76.98,52,40,9.22
103,Cidreira,BR,2021-08-04 00:18:58,-30.1811,-50.2056,55.85,91,24,5.26
104,Soyo,AO,2021-08-04 00:18:58,-6.1349,12.3689,72.32,92,50,6.87
105,Charters Towers,AU,2021-08-04 00:18:59,-20.1,146.2667,66.27,24,9,18.84
106,Allapalli,IN,2021-08-04 00:18:59,19.4167,80.0667,73.85,96,87,1.28
107,Bluff,NZ,2021-08-04 00:19:00,-46.6,168.3333,42.8,71,87,7.05
108,Castro,BR,2021-08-04 00:19:00,-24.7911,-50.0119,45.64,88,42,4.29
109,Talnakh,RU,2021-08-04 00:19:00,69.4865,88.3972,68.81,62,21,5.7
110,Sao Filipe,CV,2021-08-04 00:19:01,14.8961,-24.4956,75.81,92,100,3.02
111,Goulburn,AU,2021-08-04 00:18:13,-34.75,149.7167,44.58,83,95,23.91
112,Labuhan,ID,2021-08-04 00:19:01,-6.8844,112.2051,77.47,83,44,7.07
113,Bacolod,PH,2021-08-04 00:15:49,10.6667,122.95,82.98,79,98,13.44
114,Cabo San Lucas,MX,2021-08-04 00:16:17,22.8909,-109.9124,93.51,69,75,8.99
115,Itupiranga,BR,2021-08-04 00:19:02,-5.1347,-49.3267,77.05,46,57,0.96
116,Rawson,AR,2021-08-04 00:19:02,-43.3002,-65.1023,50.54,49,53,11.32
117,Georgetown,MY,2021-08-04 00:19:02,5.4112,100.3354,80.53,92,40,0.0
118,Hermanus,ZA,2021-08-04 00:19:03,-34.4187,19.2345,52.9,89,56,5.41
119,Ahipara,NZ,2021-08-04 00:19:03,-35.1667,173.1667,57.04,62,89,6.11
120,Mar Del Plata,AR,2021-08-04 00:19:04,-38.0023,-57.5575,54.12,38,10,1.01
121,Nizwa,OM,2021-08-04 00:19:04,22.9333,57.5333,88.77,41,1,1.23
122,Rosarito,MX,2021-08-04 00:19:04,32.3333,-117.0333,96.93,55,10,13.42
123,Ust-Nera,RU,2021-08-04 00:19:05,64.5667,143.2,60.42,36,0,6.93
124,Poum,NC,2021-08-04 00:19:05,-20.2333,164.0167,73.2,63,10,13.51
125,Nchelenge,ZM,2021-08-04 00:19:06,-9.3451,28.734,64.31,51,0,8.1
126,Sorong,ID,2021-08-04 00:19:06,-0.8833,131.25,81.5,80,56,1.99
127,Kaka,TM,2021-08-04 00:19:06,37.3482,59.6143,84.83,16,3,7.72
128,Sitka,US,2021-08-04 00:19:07,57.0531,-135.33,64.29,77,75,9.22
129,Tignere,CM,2021-08-04 00:19:07,7.3667,12.65,64.74,95,100,1.86
130,Nawalgarh,IN,2021-08-04 00:19:08,27.85,75.2667,79.93,80,51,0.34
131,Sharya,RU,2021-08-04 00:19:08,58.3686,45.5144,61.9,87,82,3.91
132,Souillac,MU,2021-08-04 00:19:09,-20.5167,57.5167,70.18,73,20,8.05
133,Tijara,IN,2021-08-04 00:19:09,27.9333,76.85,84.45,85,99,8.43
134,Krasnovishersk,RU,2021-08-04 00:19:09,60.4078,57.082,60.17,97,38,5.39
135,Egvekinot,RU,2021-08-04 00:19:10,66.3167,-179.1667,45.19,100,100,4.79
136,Cherskiy,RU,2021-08-04 00:19:10,68.75,161.3,44.38,76,78,11.99
137,Riyadh,SA,2021-08-04 00:14:59,24.6877,46.7219,87.94,11,83,4.03
138,Quatre Cocos,MU,2021-08-04 00:19:11,-20.2078,57.7625,69.91,68,2,11.21
139,Mbandaka,CD,2021-08-04 00:19:11,0.0487,18.2603,74.52,56,98,3.87
140,Itaituba,BR,2021-08-04 00:19:11,-4.2761,-55.9836,81.41,54,100,2.75
141,Hare Bay,CA,2021-08-04 00:15:06,48.8499,-54.0148,62.98,68,51,5.28
142,Urengoy,RU,2021-08-04 00:19:12,65.9667,78.3667,59.07,88,100,6.93
143,High Rock,BS,2021-08-04 00:19:12,26.6208,-78.2833,80.62,69,100,13.78
144,Jinchang,CN,2021-08-04 00:19:12,38.4953,102.1739,73.29,30,99,6.44
145,Kupang,ID,2021-08-04 00:19:13,-10.1667,123.5833,82.98,61,20,9.22
146,Buala,SB,2021-08-04 00:19:13,-8.145,159.5921,81.66,79,66,9.1
147,Torbay,CA,2021-08-04 00:19:14,47.6666,-52.7314,64.38,79,20,20.71
148,Nyagan,RU,2021-08-04 00:19:14,62.1406,65.3936,59.18,79,16,3.27
149,Muyezerskiy,RU,2021-08-04 00:19:15,63.9333,31.65,47.39,93,100,15.46
150,Ise,JP,2021-08-04 00:19:15,34.4833,136.7,85.62,83,75,2.3
151,Hasaki,JP,2021-08-04 00:19:15,35.7333,140.8333,86.29,77,3,8.1
152,Pangnirtung,CA,2021-08-04 00:19:16,66.1451,-65.7125,49.98,77,69,3.85
153,Boueni,YT,2021-08-04 00:19:16,-12.9025,45.0761,71.58,70,0,7.47
154,Maceio,BR,2021-08-04 00:16:32,-9.6658,-35.7353,72.84,100,90,5.75
155,Zhigansk,RU,2021-08-04 00:19:16,66.7697,123.3711,65.88,45,27,12.62
156,Harnosand,SE,2021-08-04 00:19:17,62.6323,17.9379,53.01,66,8,11.56
157,Yei,SS,2021-08-04 00:19:17,4.095,30.6779,64.76,95,60,0.92
158,Davila,PH,2021-08-04 00:19:17,18.4726,120.5763,82.6,87,100,30.98
159,Mackay,AU,2021-08-04 00:19:18,-21.15,149.2,73.38,49,75,13.8
160,Kodinsk,RU,2021-08-04 00:19:18,58.6881,99.1844,66.02,71,11,1.43
161,Marsaxlokk,MT,2021-08-04 00:19:19,35.8419,14.5431,82.08,89,0,5.75
162,Tiksi,RU,2021-08-04 00:19:19,71.6872,128.8694,44.38,76,97,8.66
163,Mayya,RU,2021-08-04 00:19:19,61.7333,130.2811,63.72,47,23,6.46
164,Tessalit,ML,2021-08-04 00:19:20,20.1986,1.0114,88.59,39,15,18.43
165,Parauna,BR,2021-08-04 00:19:20,-16.9478,-50.4486,69.62,43,73,6.67
166,Erdenet,MN,2021-08-04 00:19:21,49.0333,104.0833,55.15,85,100,4.36
167,Obo,CF,2021-08-04 00:19:21,5.3998,26.4869,66.33,98,9,3.33
168,Ranau,MY,2021-08-04 00:19:21,5.9538,116.6641,75.85,69,100,0.78
169,Tuatapere,NZ,2021-08-04 00:19:22,-46.1333,167.6833,42.82,70,100,3.38
170,Healesville,AU,2021-08-04 00:19:22,-37.65,145.5167,53.35,99,96,2.95
171,Melfi,IT,2021-08-04 00:19:22,40.9965,15.6514,76.23,56,34,7.23
172,Spassk-Dalniy,RU,2021-08-04 00:19:23,44.5978,132.8211,77.13,85,75,9.13
173,Inuvik,CA,2021-08-04 00:19:23,68.3499,-133.7218,65.16,31,20,6.91
174,Vanavara,RU,2021-08-04 00:19:23,60.34,102.2797,65.3,62,67,3.89
175,Manama,BH,2021-08-04 00:17:20,26.2154,50.5832,98.58,49,0,3.44
176,Vawkavysk,BY,2021-08-04 00:19:24,53.1561,24.4513,58.24,77,44,5.14
177,Gornopravdinsk,RU,2021-08-04 00:19:24,60.05,69.9,55.15,93,66,4.7
178,Lagoa,PT,2021-08-04 00:19:25,39.05,-27.9833,71.65,89,5,7.23
179,Ulaanbaatar,MN,2021-08-04 00:19:25,47.9077,106.8832,55.53,82,75,11.18
180,Arraial Do Cabo,BR,2021-08-04 00:19:26,-22.9661,-42.0278,68.45,73,49,14.85
181,Dunedin,NZ,2021-08-04 00:19:26,-45.8742,170.5036,50.81,48,40,10.0
182,Ptuj,SI,2021-08-04 00:19:26,46.4201,15.8702,64.81,88,100,0.0
183,Ribeira Grande,PT,2021-08-04 00:19:27,38.5167,-28.7,72.61,86,1,5.73
184,Isangel,VU,2021-08-04 00:19:27,-19.55,169.2667,75.31,69,40,2.3
185,Livingston,GB,2021-08-04 00:14:44,55.9029,-3.5226,56.26,94,0,3.44
186,Sosnovka,RU,2021-08-04 00:19:27,56.255,51.2842,65.19,82,36,1.23
187,Ucluelet,CA,2021-08-04 00:17:13,48.9329,-125.5528,95.04,78,10,1.99
188,Yerbogachen,RU,2021-08-04 00:19:28,61.2767,108.0108,67.66,61,2,5.19
189,Kanie,JP,2021-08-04 00:19:28,35.1333,136.8,87.22,69,80,1.36
190,Arkhangelskoye,RU,2021-08-04 00:19:29,55.8549,35.3287,53.17,91,81,4.61
191,Namibe,AO,2021-08-04 00:19:29,-15.1961,12.1522,65.12,81,0,8.08
192,Salmas,IR,2021-08-04 00:19:29,38.1973,44.7653,61.79,42,38,2.95
193,Conceicao Das Alagoas,BR,2021-08-04 00:19:30,-19.9147,-48.3883,69.58,43,67,5.37
194,Kloulklubed,PW,2021-08-04 00:19:30,7.0419,134.2556,82.9,76,35,7.94
195,Oswego,US,2021-08-04 00:19:30,43.4501,-76.1497,73.35,71,18,1.5
196,Sinnamary,GF,2021-08-04 00:19:30,5.3833,-52.95,77.65,83,8,7.27
197,Port Hedland,AU,2021-08-04 00:19:31,-20.3167,118.5667,68.05,22,40,17.27
198,Arona,ES,2021-08-04 00:19:31,28.0996,-16.681,65.82,75,20,11.5
199,Kaoma,ZM,2021-08-04 00:19:31,-14.7833,24.8,50.94,37,1,5.7
200,Balabac,PH,2021-08-04 00:19:32,7.9868,117.0645,84.9,75,100,11.34
201,Thompson,CA,2021-08-04 00:15:04,55.7435,-97.8558,84.36,37,75,12.66
202,Port Said,EG,2021-08-04 00:16:12,31.2565,32.2841,84.65,65,0,5.79
203,Iraucuba,BR,2021-08-04 00:19:32,-3.7461,-39.7833,78.93,62,87,3.47
204,Gat,IL,2021-08-04 00:19:32,31.61,34.7642,85.41,42,0,3.62
205,El Alto,PE,2021-08-04 00:19:33,-4.2714,-81.2147,64.74,82,71,8.63
206,Iqaluit,CA,2021-08-04 00:19:33,63.7506,-68.5145,44.33,87,75,17.0
207,Alexandria,EG,2021-08-04 00:18:17,31.2156,29.9553,81.73,66,0,1.74
208,Hackettstown,US,2021-08-04 00:19:34,40.854,-74.8291,72.79,80,100,0.0
209,Kaz,RU,2021-08-04 00:19:34,52.9113,87.3105,59.32,97,80,2.93
210,Ilulissat,GL,2021-08-04 00:19:34,69.2167,-51.1,48.22,81,32,4.61
211,Lata,PT,2021-08-04 00:19:34,40.1629,-8.3327,65.05,98,100,0.98
212,Kibaya,TZ,2021-08-04 00:19:35,-5.3,36.5667,52.79,96,5,3.24
213,Bambanglipuro,ID,2021-08-04 00:19:35,-7.95,110.2833,76.68,89,50,6.11
214,Sao Joao Da Barra,BR,2021-08-04 00:19:36,-21.6403,-41.0511,66.07,85,45,12.93
215,Kattivakkam,IN,2021-08-04 00:19:36,13.2167,80.3167,82.49,65,100,9.8
216,San Cristobal,VE,2021-08-04 00:19:36,7.7669,-72.225,75.38,99,96,4.81
217,College,US,2021-08-04 00:19:37,64.8569,-147.8028,84.58,51,75,9.22
218,Narasannapeta,IN,2021-08-04 00:19:37,18.4167,84.05,81.34,70,96,5.99
219,Codrington,AU,2021-08-04 00:19:37,-38.2667,141.9667,53.33,87,77,14.03
220,Sagua La Grande,CU,2021-08-04 00:19:38,22.8067,-80.0756,79.79,75,93,9.28
221,Cabra,ES,2021-08-04 00:19:38,37.4725,-4.4421,78.91,56,59,5.95
222,Maldonado,UY,2021-08-04 00:19:38,-34.6667,-54.9167,47.59,88,2,3.53
223,Pouebo,NC,2021-08-04 00:19:39,-20.4,164.5667,74.8,54,14,8.7
224,Kollo,NE,2021-08-04 00:19:39,13.3043,2.339,81.03,61,17,11.48
225,Jutai,BR,2021-08-04 00:19:39,-5.1833,-68.9,75.0,53,9,0.58
226,Fairview,US,2021-08-04 00:16:22,40.8126,-73.999,74.55,56,20,0.0
227,East London,ZA,2021-08-04 00:19:40,-33.0153,27.9116,66.02,25,0,7.02
228,Emerald,AU,2021-08-04 00:19:40,-23.5333,148.1667,64.54,32,52,16.11
229,Oranjestad,AW,2021-08-04 00:19:41,12.524,-70.027,82.35,78,20,21.85
230,Minbu,MM,2021-08-04 00:19:41,20.1833,94.8833,76.21,93,98,8.72
231,Anadyr,RU,2021-08-04 00:19:42,64.75,177.4833,48.7,81,75,20.0
232,Alofi,NU,2021-08-04 00:19:42,-19.0595,-169.9187,75.09,64,40,17.9
233,Te Anau,NZ,2021-08-04 00:19:42,-45.4167,167.7167,41.54,78,100,0.47
234,Katsuura,JP,2021-08-04 00:19:43,35.1333,140.3,87.91,73,39,5.46
235,Salalah,OM,2021-08-04 00:19:43,17.0151,54.0924,78.89,94,90,5.75
236,Wamba,NG,2021-08-04 00:19:44,8.9333,8.6,71.2,94,58,1.41
237,Tema,GH,2021-08-04 00:19:44,5.667,-0.0166,77.41,94,20,13.8
238,Morgan City,US,2021-08-04 00:19:44,29.6994,-91.2068,81.0,94,1,0.0
239,Mehran,IR,2021-08-04 00:19:45,33.1222,46.1646,87.28,13,8,5.53
240,Ballitoville,ZA,2021-08-04 00:19:45,-29.539,31.2144,59.25,87,0,1.14
241,Novyy Buh,UA,2021-08-04 00:19:45,47.6931,32.5216,61.02,58,77,6.6
242,Hofn,IS,2021-08-04 00:19:46,64.2539,-15.2082,53.85,90,98,4.07
243,Hamilton,US,2021-08-04 00:14:58,39.1834,-84.5333,77.09,54,1,6.91
244,Lingyuan,CN,2021-08-04 00:19:46,41.24,119.4011,68.94,96,100,4.88
245,Bethel,US,2021-08-04 00:19:47,41.3712,-73.414,70.92,78,1,0.0
246,Pisco,PE,2021-08-04 00:19:47,-13.7,-76.2167,62.65,82,75,10.36
247,Los Llanos De Aridane,ES,2021-08-04 00:19:48,28.6585,-17.9182,67.75,90,75,18.41
248,Sola,VU,2021-08-04 00:19:48,-13.8833,167.55,83.07,74,40,0.0
249,Zhezkazgan,KZ,2021-08-04 00:19:48,47.8043,67.7144,73.62,38,24,9.69
250,Koumac,NC,2021-08-04 00:19:49,-20.5667,164.2833,74.01,56,1,2.3
251,Pevek,RU,2021-08-04 00:19:49,69.7008,170.3133,37.35,90,72,4.45
252,Deputatskiy,RU,2021-08-04 00:19:49,69.3,139.9,50.04,41,13,6.64
253,Jardim,BR,2021-08-04 00:19:50,-21.4803,-56.1381,64.33,29,60,3.02
254,Tran,BG,2021-08-04 00:19:50,42.8353,22.6517,71.8,49,65,3.78
255,Asfi,MA,2021-08-04 00:19:51,32.2994,-9.2372,67.66,92,0,6.76
256,Beitbridge,ZW,2021-08-04 00:19:51,-22.2167,30.0,60.78,61,17,5.86
257,Carnarvon,AU,2021-08-04 00:19:51,-24.8667,113.6333,51.87,47,0,12.66
258,Kavieng,PG,2021-08-04 00:19:52,-2.5744,150.7967,84.2,71,11,5.73
259,Voi,KE,2021-08-04 00:19:52,-3.3945,38.563,66.76,84,32,8.68
260,Agadir,MA,2021-08-04 00:19:52,30.4202,-9.5982,70.25,86,8,6.91
261,Grindavik,IS,2021-08-04 00:19:53,63.8424,-22.4338,53.55,100,90,6.91
262,Imbituba,BR,2021-08-04 00:19:53,-28.24,-48.6703,58.89,94,23,8.79
263,Hambantota,LK,2021-08-04 00:19:54,6.1241,81.1185,79.3,81,100,17.69
264,Aklavik,CA,2021-08-04 00:19:54,68.2191,-135.0107,65.12,38,10,5.55
265,Burnie,AU,2021-08-04 00:19:55,-41.0667,145.9167,49.46,74,50,13.62
266,Maragogi,BR,2021-08-04 00:19:55,-9.0122,-35.2225,71.92,91,46,7.45
267,Caravelas,BR,2021-08-04 00:19:55,-17.7125,-39.2481,68.16,84,52,5.23
268,Teguise,ES,2021-08-04 00:19:56,29.0605,-13.564,70.02,60,75,13.8
269,Zaraza,VE,2021-08-04 00:19:56,9.3503,-65.3245,71.17,98,99,3.56
270,Mogadishu,SO,2021-08-04 00:17:24,2.0371,45.3438,76.28,86,100,16.06
271,Muros,ES,2021-08-04 00:19:57,42.7762,-9.0603,67.98,95,98,3.96
272,Samarai,PG,2021-08-04 00:19:57,-10.6167,150.6667,78.98,83,77,11.86
273,Kuna,US,2021-08-04 00:15:03,43.4918,-116.4201,95.4,33,1,4.61
274,Indian Trail,US,2021-08-04 00:19:58,35.0768,-80.6692,75.72,78,90,8.05
275,Kuching,MY,2021-08-04 00:19:58,1.55,110.3333,79.02,94,20,4.61
276,Lorengau,PG,2021-08-04 00:19:58,-2.0226,147.2712,84.67,72,34,5.88
277,Uyemskiy,RU,2021-08-04 00:19:58,64.4743,40.8524,59.05,77,20,8.95
278,Barcelos,PT,2021-08-04 00:19:59,41.5388,-8.6151,67.84,95,96,1.32
279,General Pico,AR,2021-08-04 00:16:22,-35.6566,-63.7568,53.4,50,0,6.42
280,Dingle,PH,2021-08-04 00:19:59,10.9995,122.6711,83.19,76,100,12.53
281,Trincomalee,LK,2021-08-04 00:19:59,8.5711,81.2335,80.78,77,98,21.25
282,Horqueta,PY,2021-08-04 00:20:00,-23.3428,-57.0597,59.2,43,57,5.55
283,Bontang,ID,2021-08-04 00:20:00,0.1333,117.5,78.53,84,95,6.04
284,Cockburn Town,TC,2021-08-04 00:20:00,21.4612,-71.1419,82.51,77,48,20.83
285,Cap Malheureux,MU,2021-08-04 00:20:01,-19.9842,57.6142,70.29,74,2,1.99
286,Acajutla,SV,2021-08-04 00:20:01,13.5928,-89.8275,86.34,79,79,3.89
287,Norman Wells,CA,2021-08-04 00:20:02,65.282,-126.8329,53.64,87,90,0.0
288,Shanghai,CN,2021-08-04 00:16:35,31.2222,121.4581,85.93,81,75,3.0
289,Antofagasta,CL,2021-08-04 00:20:02,-23.65,-70.4,56.48,78,16,3.94
290,Independence,US,2021-08-04 00:18:04,39.0911,-94.4155,79.88,53,1,1.99
291,Coruripe,BR,2021-08-04 00:20:03,-10.1256,-36.1756,71.67,87,66,9.06
292,Nicoya,CR,2021-08-04 00:20:04,10.1483,-85.452,74.75,91,100,0.36
293,Kiama,AU,2021-08-04 00:20:04,-34.6833,150.8667,57.58,52,13,15.99
294,Khatanga,RU,2021-08-04 00:20:04,71.9667,102.5,71.46,54,99,10.89
295,Huaihua,CN,2021-08-04 00:20:05,27.5494,109.9592,80.74,78,3,3.47
296,Margate,GB,2021-08-04 00:20:05,51.3813,1.3862,58.3,79,0,6.73
297,Vila Franca Do Campo,PT,2021-08-04 00:20:06,37.7167,-25.4333,72.01,91,49,3.85
298,Sur,OM,2021-08-04 00:19:39,22.5667,59.5289,86.88,59,4,8.05
299,Kavaratti,IN,2021-08-04 00:20:06,10.5669,72.642,81.61,77,88,15.93
300,Lucea,JM,2021-08-04 00:20:07,18.451,-78.1736,78.85,77,88,4.76
301,Steamboat Springs,US,2021-08-04 00:20:07,40.485,-106.8317,69.73,83,75,5.75
302,Saint Anthony,US,2021-08-04 00:20:07,45.0205,-93.218,84.22,46,1,1.99
303,Zhangye,CN,2021-08-04 00:20:08,38.9342,100.4517,74.23,27,100,9.44
304,Kolyvan,RU,2021-08-04 00:20:08,55.3053,82.7391,60.06,87,88,3.44
305,Kantunilkin,MX,2021-08-04 00:20:08,21.0917,-87.45,84.04,52,51,7.18
306,Bandarbeyla,SO,2021-08-04 00:20:09,9.4942,50.8122,78.85,72,6,26.78
307,Kutum,SD,2021-08-04 00:20:09,14.2,24.6667,71.08,77,75,14.83
308,Kiruna,SE,2021-08-04 00:20:10,67.8557,20.2251,43.72,81,40,8.05
309,Komsomolskiy,UZ,2021-08-04 00:20:10,40.4272,71.7189,75.92,38,31,6.91
310,Saldanha,ZA,2021-08-04 00:20:10,-33.0117,17.9442,46.45,93,7,7.23
311,Richards Bay,ZA,2021-08-04 00:20:11,-28.783,32.0377,63.73,76,0,16.73
312,Meulaboh,ID,2021-08-04 00:20:11,4.1363,96.1285,74.8,89,93,4.27
313,Jaguariaiva,BR,2021-08-04 00:20:11,-24.2511,-49.7058,48.88,91,20,7.34
314,Puerto Del Rosario,ES,2021-08-04 00:20:12,28.5004,-13.8627,73.08,68,9,16.11
315,Kaeo,NZ,2021-08-04 00:20:12,-35.1,173.7833,63.32,64,93,6.91
316,Kieta,PG,2021-08-04 00:20:13,-6.2167,155.6333,84.58,70,19,4.81
317,Pathein,MM,2021-08-04 00:17:03,16.7833,94.7333,76.42,94,100,6.93
318,Kaputa,ZM,2021-08-04 00:20:13,-8.4689,29.6619,66.92,53,0,2.15
319,Wanning,CN,2021-08-04 00:20:14,18.8003,110.3967,81.59,81,100,3.62
320,Mayo,US,2021-08-04 00:20:14,38.8876,-76.5119,76.89,75,1,3.0
321,Souris,CA,2021-08-04 00:20:14,49.6172,-100.2612,84.06,16,100,8.55
322,Nsoko,SZ,2021-08-04 00:20:15,-27.0333,31.95,55.89,97,0,4.21
323,Omsk,RU,2021-08-04 00:15:22,55.0,73.4,53.49,100,75,4.47
324,Tabory,RU,2021-08-04 00:20:15,58.5198,64.5495,56.25,89,25,1.99
325,Nantucket,US,2021-08-04 00:15:43,41.2835,-70.0995,72.0,88,75,6.91
326,Augusto Correa,BR,2021-08-04 00:20:16,-1.0217,-46.635,74.7,84,80,2.59
327,Clarksdale,US,2021-08-04 00:20:16,34.2001,-90.5709,82.38,54,1,8.05
328,Tadine,NC,2021-08-04 00:20:17,-21.55,167.8833,70.86,63,93,4.63
329,Llanes,ES,2021-08-04 00:20:17,43.4198,-4.7549,66.87,89,100,6.62
330,Fairbanks,US,2021-08-04 00:15:50,64.8378,-147.7164,84.6,49,90,12.66
331,Sept-Iles,CA,2021-08-04 00:18:14,50.2001,-66.3821,64.92,45,20,13.8
332,Talara,PE,2021-08-04 00:20:18,-4.5772,-81.2719,65.25,87,70,8.77
333,Thinadhoo,MV,2021-08-04 00:20:18,0.5333,72.9333,81.95,75,100,8.52
334,Benghazi,LY,2021-08-04 00:20:18,32.1167,20.0667,84.34,67,0,14.34
335,Vostok,RU,2021-08-04 00:20:19,46.4856,135.8833,74.71,87,99,4.05
336,Roald,NO,2021-08-04 00:20:19,62.5833,6.1333,54.0,93,90,3.44
337,Novoagansk,RU,2021-08-04 00:20:19,61.9449,76.6625,59.02,91,93,6.35
338,Ranfurly,NZ,2021-08-04 00:20:20,-45.1333,170.1,46.65,77,62,2.33
339,Tocopilla,CL,2021-08-04 00:20:20,-22.092,-70.1979,63.66,59,19,3.42
340,Caernarfon,GB,2021-08-04 00:20:20,53.1413,-4.2702,57.61,51,97,2.3
341,Upernavik,GL,2021-08-04 00:20:21,72.7868,-56.1549,41.36,89,54,12.21
342,Abu Samrah,SY,2021-08-04 00:20:21,35.3029,37.1841,81.86,39,0,7.45
343,Airai,TL,2021-08-04 00:20:22,-8.9266,125.4092,67.73,48,63,3.91
344,Petropavlovsk-Kamchatskiy,RU,2021-08-04 00:20:22,53.0452,158.6483,61.39,39,20,15.66
345,Amuntai,ID,2021-08-04 00:20:22,-2.4177,115.2494,77.02,81,99,0.47
346,Ailigandi,PA,2021-08-04 00:20:23,9.2333,-78.0167,78.85,84,100,2.95
347,Palmer,US,2021-08-04 00:20:23,42.1584,-72.3287,69.89,73,75,3.44
348,Port Charlotte,US,2021-08-04 00:16:04,26.9762,-82.0906,80.65,90,1,5.01
349,San Patricio,US,2021-08-04 00:20:24,28.017,-97.5169,88.52,54,98,4.61
350,Koson,UZ,2021-08-04 00:20:24,39.0375,65.585,73.72,26,0,6.69
351,Hibbing,US,2021-08-04 00:20:24,47.4272,-92.9377,81.86,47,1,3.44
352,Morondava,MG,2021-08-04 00:20:25,-20.2833,44.2833,67.69,59,0,8.99
353,Xiashi,CN,2021-08-04 00:20:25,30.5363,120.6864,84.22,87,65,13.94
354,Yenagoa,NG,2021-08-04 00:20:25,4.9247,6.2642,75.52,92,100,4.03
355,Goksun,TR,2021-08-04 00:20:26,38.021,36.4973,67.15,53,0,5.88
356,Alice Springs,AU,2021-08-04 00:20:26,-23.7,133.8833,51.35,50,0,13.8
357,Ko Samui,TH,2021-08-04 00:20:26,9.5357,99.9357,82.69,77,100,20.89
358,Nalut,LY,2021-08-04 00:20:27,30.3333,10.85,86.94,12,0,11.86
359,Port Elizabeth,ZA,2021-08-04 00:20:27,-33.918,25.5701,59.29,77,0,12.66
360,Selma,US,2021-08-04 00:19:33,36.5708,-119.6121,106.34,23,1,4.61
361,Roma,US,2021-08-04 00:20:28,43.2128,-75.4557,70.9,77,40,1.97
362,Saskylakh,RU,2021-08-04 00:20:28,71.9167,114.0833,61.05,40,44,9.71
363,Acapulco,MX,2021-08-04 00:20:28,16.8634,-99.8901,87.62,74,90,10.36
364,Oume,JP,2021-08-04 00:20:29,35.7839,139.2431,88.25,66,20,4.61
365,Fortuna,US,2021-08-04 00:20:29,40.5982,-124.1573,65.93,81,20,3.0
366,Muroto,JP,2021-08-04 00:20:29,33.2833,134.15,87.84,81,57,9.78
367,Vizinga,RU,2021-08-04 00:20:30,61.0749,50.1031,62.31,97,83,4.27
368,Ugoofaaru,MV,2021-08-04 00:20:30,5.6667,73.0,81.37,79,98,7.65
369,Faro,PT,2021-08-04 00:17:23,37.0194,-7.9322,78.58,27,0,10.36
370,Porosozero,RU,2021-08-04 00:20:31,62.7191,32.727,48.78,93,100,15.14
371,Mardin,TR,2021-08-04 00:20:31,37.3131,40.7436,81.66,23,0,8.05
372,Manono,CD,2021-08-04 00:20:31,-7.3,27.4167,72.64,40,0,3.8
373,Neuquen,AR,2021-08-04 00:19:20,-38.9516,-68.0591,55.29,58,0,6.91
374,Makubetsu,JP,2021-08-04 00:20:32,45.3714,141.8211,67.71,100,75,6.91
375,Laguna,US,2021-08-04 00:20:32,38.421,-121.4238,108.21,14,1,3.0
376,Ende,ID,2021-08-04 00:20:33,-8.8432,121.6623,79.48,76,79,1.32
377,Lusambo,CD,2021-08-04 00:20:33,-4.9667,23.45,69.4,43,8,1.63
378,Rocha,UY,2021-08-04 00:20:27,-34.4833,-54.3333,46.65,93,2,3.29
379,Perelyub,RU,2021-08-04 00:20:34,51.8667,50.3667,75.65,34,70,0.87
380,San Carlos De Bariloche,AR,2021-08-04 00:20:34,-41.1456,-71.3082,47.44,52,0,8.05
381,Honiara,SB,2021-08-04 00:20:34,-9.4333,159.95,84.11,70,64,5.14
382,Valleyview,CA,2021-08-04 00:20:35,55.0667,-117.2859,66.24,82,6,5.75
383,Matara,LK,2021-08-04 00:20:35,5.9485,80.5353,77.99,86,100,10.69
384,Porto Santo,PT,2021-08-04 00:20:35,33.072,-16.3415,71.51,68,40,14.97
385,Nuuk,GL,2021-08-04 00:20:35,64.1835,-51.7216,52.41,76,75,18.41
386,Rafaela,AR,2021-08-04 00:20:36,-31.2503,-61.4867,54.99,46,100,7.05
387,Taiyuan,CN,2021-08-04 00:20:37,37.8694,112.5603,75.06,73,99,2.24
388,Polunochnoye,RU,2021-08-04 00:20:37,60.8697,60.4153,56.52,89,66,4.41
389,Changji,CN,2021-08-04 00:20:38,44.0167,87.3167,77.79,29,0,6.71
390,Irondequoit,US,2021-08-04 00:20:38,43.2134,-77.5797,75.29,67,1,4.61
391,Javanrud,IR,2021-08-04 00:20:38,34.7961,46.5172,70.29,46,23,4.74
392,Mahajanga,MG,2021-08-04 00:20:39,-15.7167,46.3167,69.82,88,20,5.75
393,Isla Mujeres,MX,2021-08-04 00:20:39,21.2311,-86.731,84.25,73,56,9.01
394,Qingdao,CN,2021-08-04 00:20:39,36.0986,120.3719,83.8,74,0,2.24
395,Yatou,CN,2021-08-04 00:20:40,37.15,122.3833,81.7,78,71,2.71
396,Itarema,BR,2021-08-04 00:20:40,-2.9248,-39.9167,77.23,80,25,6.78
397,San Lorenzo,PY,2021-08-04 00:20:41,-25.3333,-57.5333,56.34,58,0,5.75
398,Pedernales,DO,2021-08-04 00:20:41,18.0384,-71.744,81.3,78,79,9.17
399,Arman,RU,2021-08-04 00:20:41,59.7,150.1667,58.64,47,3,4.85
400,Tura,IN,2021-08-04 00:20:42,25.5198,90.2201,74.88,96,99,4.18
401,Erdaojiang,CN,2021-08-04 00:20:42,41.7764,126.0319,72.0,86,89,7.65
402,Daru,PG,2021-08-04 00:20:42,-9.0763,143.2092,80.02,78,70,10.11
403,Celestun,MX,2021-08-04 00:20:43,20.8667,-90.4,84.56,74,41,14.63
404,Leningradskiy,RU,2021-08-04 00:20:43,69.3833,178.4167,37.8,99,100,4.9
405,Russell,US,2021-08-04 00:20:43,32.3502,-85.1999,83.43,65,20,0.0
406,Takoradi,GH,2021-08-04 00:18:09,4.8845,-1.7554,75.94,90,67,8.75
407,Viedma,AR,2021-08-04 00:17:02,-40.8135,-62.9967,48.27,67,49,8.19
408,La Ronge,CA,2021-08-04 00:20:44,55.1001,-105.2842,71.82,64,90,1.14
409,Fukue,JP,2021-08-04 00:20:44,32.6881,128.8419,86.36,79,40,5.75
410,Tommot,RU,2021-08-04 00:20:45,58.9564,126.2925,63.91,90,100,1.66
411,Sobolevo,RU,2021-08-04 00:20:45,54.4299,31.8996,52.86,91,7,5.21
412,Mount Gambier,AU,2021-08-04 00:20:45,-37.8333,140.7667,51.71,93,75,11.5
413,Santa Rita,BR,2021-08-04 00:20:46,-7.1139,-34.9781,74.07,94,75,4.61
414,Rosetta,EG,2021-08-04 00:20:46,31.4044,30.4164,80.85,68,0,2.51
415,Chapais,CA,2021-08-04 00:20:47,49.7834,-74.8492,55.18,64,77,6.55
416,Geraldton,AU,2021-08-04 00:20:47,-28.7667,114.6,47.12,81,0,8.05
417,Lufilufi,WS,2021-08-04 00:20:47,-13.8745,-171.5986,83.98,77,55,14.45
418,Dayong,CN,2021-08-04 00:20:48,25.0209,118.2898,83.88,96,100,2.26
419,Inta,RU,2021-08-04 00:20:48,66.0317,60.1659,59.47,82,70,6.67
420,Slave Lake,CA,2021-08-04 00:20:49,55.2834,-114.769,76.98,61,20,3.44
421,San Vicente,AR,2021-08-04 00:20:49,-26.6167,-54.1333,48.2,70,49,3.04
422,Nago,JP,2021-08-04 00:20:49,26.5881,127.9761,84.36,88,99,19.73
423,Vestmanna,FO,2021-08-04 00:20:50,62.1564,-7.1664,49.12,100,90,5.75
424,Karakol,KG,2021-08-04 00:20:50,42.4907,78.3936,57.92,56,33,3.02
425,Hailar,CN,2021-08-04 00:20:51,49.2,119.7,59.09,95,100,6.11
426,Martapura,ID,2021-08-04 00:20:51,-3.4167,114.85,77.09,94,20,0.0
427,Moerai,PF,2021-08-04 00:20:51,-22.4333,-151.3333,76.28,84,17,19.26
428,Maues,BR,2021-08-04 00:20:51,-3.3836,-57.7186,76.01,79,100,2.86
429,Bathsheba,BB,2021-08-04 00:20:52,13.2167,-59.5167,81.21,78,20,11.5
430,Ocos,GT,2021-08-04 00:20:52,14.5094,-92.1933,84.38,77,61,4.41
431,Necochea,AR,2021-08-04 00:20:53,-38.5473,-58.7368,46.04,67,72,4.65
432,Mahon,ES,2021-08-04 00:20:53,39.8885,4.2658,70.36,88,0,1.14
433,Prince Rupert,CA,2021-08-04 00:16:10,54.3161,-130.3201,60.89,91,90,10.36
434,Vanimo,PG,2021-08-04 00:20:53,-2.6741,141.3028,82.96,76,34,6.4
435,Nizhniy Odes,RU,2021-08-04 00:20:54,63.6445,54.856,58.84,96,92,4.61
436,Beringovskiy,RU,2021-08-04 00:20:54,63.05,179.3167,49.64,70,88,13.67
437,Trairi,BR,2021-08-04 00:20:27,-3.2778,-39.2689,79.32,76,31,10.71
438,Madimba,TZ,2021-08-04 00:20:55,-10.4,40.3333,68.7,81,21,8.68
439,Clyde River,CA,2021-08-04 00:20:55,70.4692,-68.5914,39.43,87,90,11.5
440,Minudasht,IR,2021-08-04 00:20:56,37.2289,55.3747,74.77,78,0,0.0
441,Broome,US,2021-08-04 00:20:56,42.2506,-75.833,70.38,78,39,2.21
442,Manado,ID,2021-08-04 00:20:57,1.487,124.8455,84.97,79,20,1.14
443,Dicabisagan,PH,2021-08-04 00:20:57,17.0818,122.4157,86.0,70,100,8.7
444,Chinsali,ZM,2021-08-04 00:20:57,-10.5414,32.0816,55.83,66,0,6.2
445,San Pedro,PH,2021-08-04 00:20:06,14.35,121.0167,86.32,77,100,13.98
446,Victoria,HK,2021-08-04 00:18:57,22.2855,114.1577,86.25,86,81,1.01
447,Ahuimanu,US,2021-08-04 00:20:58,21.4447,-157.8378,85.71,57,20,12.66
448,Bolong,PH,2021-08-04 00:20:58,7.0983,122.2392,83.62,73,89,4.29
449,Sault Sainte Marie,CA,2021-08-04 00:18:24,46.5168,-84.3333,73.69,64,1,8.05
450,Kalmunai,LK,2021-08-04 00:20:59,7.4167,81.8167,79.3,73,100,4.45
451,Bonfim,BR,2021-08-04 00:20:59,3.0833,-59.95,77.99,78,78,3.36
452,Mount Isa,AU,2021-08-04 00:21:00,-20.7333,139.5,60.57,31,14,14.97
453,Ingham,US,2021-08-04 00:21:00,42.6,-84.3833,76.62,61,1,3.44
454,Turka,UA,2021-08-04 00:21:00,49.1541,23.0297,60.15,74,81,4.05
455,Amga,RU,2021-08-04 00:21:01,60.8953,131.9608,69.03,49,44,8.08
456,Polovinnoye,RU,2021-08-04 00:21:01,54.7914,65.9864,61.84,80,8,6.08
457,Greenfield,US,2021-08-04 00:19:18,42.9614,-88.0126,77.65,72,75,3.44
458,Benidorm,ES,2021-08-04 00:17:29,38.5382,-0.131,77.58,69,46,11.5
459,Namatanai,PG,2021-08-04 00:21:02,-3.6667,152.4333,84.09,70,28,3.8
460,Nizhnedevitsk,RU,2021-08-04 00:21:02,51.5419,38.3657,62.65,83,45,6.2
461,Yumen,CN,2021-08-04 00:21:02,40.2833,97.2,72.34,17,89,8.57
462,Neryungri,RU,2021-08-04 00:21:03,56.6709,124.6491,61.54,85,83,7.18
463,Vilcun,CL,2021-08-04 00:21:03,-38.65,-72.2333,45.34,92,57,1.63
464,Leh,IN,2021-08-04 00:21:04,34.1667,77.5833,62.11,51,36,4.99
465,Morshansk,RU,2021-08-04 00:21:04,53.4435,41.8107,61.81,89,69,5.17
466,La Orilla,MX,2021-08-04 00:21:04,17.9833,-102.2333,84.99,75,20,6.38
467,Lubango,AO,2021-08-04 00:21:05,-14.9172,13.4925,56.43,23,0,3.4
468,Naranjito,EC,2021-08-04 00:21:05,-2.2167,-79.4833,81.68,65,64,5.23
469,Dabhol,IN,2021-08-04 00:21:05,17.6,73.1667,76.98,88,99,12.95
470,Barinas,VE,2021-08-04 00:18:56,8.6226,-70.2075,78.84,83,93,3.44
471,San Quintin,MX,2021-08-04 00:21:06,30.4833,-115.95,75.92,62,0,16.75
472,Mangalia,RO,2021-08-04 00:21:06,43.8,28.5833,75.79,84,35,3.42
473,Port-Gentil,GA,2021-08-04 00:21:06,-0.7193,8.7815,75.72,87,20,14.32
474,Terenos,BR,2021-08-04 00:21:07,-20.4422,-54.8603,69.51,34,0,6.91
475,Johi,PK,2021-08-04 00:21:07,26.6921,67.6133,89.67,54,91,12.86
476,Henties Bay,NA,2021-08-04 00:21:08,-22.116,14.2845,58.86,80,41,5.91
477,Oneonta,US,2021-08-04 00:21:08,42.4529,-75.0638,67.46,70,82,0.56
478,Grootfontein,NA,2021-08-04 00:21:08,-19.5667,18.1167,47.77,57,0,3.44
479,Santa Cruz,BO,2021-08-04 00:21:09,-17.8,-63.1667,67.46,52,75,5.75
480,Sioni,GE,2021-08-04 00:21:09,41.9895,45.0239,62.96,50,1,1.57
481,Iskateley,RU,2021-08-04 00:21:09,67.6803,53.1512,64.06,75,100,13.91
482,Cervo,ES,2021-08-04 00:21:10,43.6702,-7.4101,67.19,92,100,11.83
483,Djibo,BF,2021-08-04 00:21:10,14.1022,-1.6306,81.05,62,67,6.82
484,High Level,CA,2021-08-04 00:21:11,58.5169,-117.136,78.91,65,75,4.61
485,Narrabri,AU,2021-08-04 00:21:11,-30.3167,149.7833,52.52,71,40,10.36
486,Valley City,US,2021-08-04 00:21:11,46.9233,-98.0032,86.99,39,1,10.36
487,Kayerkan,RU,2021-08-04 00:21:12,69.3497,87.7602,65.01,65,24,4.09
488,Kysyl-Syr,RU,2021-08-04 00:21:12,63.8986,122.7617,73.81,49,14,7.7
489,Kaele,CM,2021-08-04 00:21:13,10.1092,14.4508,73.67,85,87,4.92
490,Ilhabela,BR,2021-08-04 00:21:13,-23.7781,-45.3581,62.31,82,68,5.23
491,Askiz,RU,2021-08-04 00:21:13,53.1319,90.5264,62.71,77,72,3.06
492,Nabire,ID,2021-08-04 00:21:14,-3.3667,135.4833,75.22,92,99,3.09
493,Chirongui,YT,2021-08-04 00:21:14,-12.9319,45.1483,71.53,71,0,7.4
494,Oyama,JP,2021-08-04 00:21:15,36.3,139.8,88.88,65,55,4.23
495,Mackenzie,CA,2021-08-04 00:21:15,55.2999,-123.1698,82.62,26,1,9.22
496,Xichang,CN,2021-08-04 00:21:15,27.8964,102.2634,69.08,78,29,0.78
497,Aguilas,ES,2021-08-04 00:21:16,37.4063,-1.5829,75.33,69,43,3.42
498,Kununurra,AU,2021-08-04 00:21:16,-15.7667,128.7333,78.78,22,23,16.11
499,Hualmay,PE,2021-08-04 00:21:16,-11.0964,-77.6139,64.65,82,14,9.66
500,Kismayo,SO,2021-08-04 00:21:17,-0.3582,42.5454,75.67,83,72,15.1
501,Uyuni,BO,2021-08-04 00:21:17,-20.4597,-66.825,41.5,68,97,8.28
502,Sarishabari,BD,2021-08-04 00:21:17,24.7333,89.8333,79.86,93,100,12.12
503,Caruray,PH,2021-08-04 00:21:18,10.3094,119.0128,85.32,65,99,9.13
504,Port Lincoln,AU,2021-08-04 00:21:18,-34.7333,135.8667,56.68,72,21,14.38
505,Kruisfontein,ZA,2021-08-04 00:21:19,-34.0033,24.7314,49.89,84,1,7.65
506,Wadi Musa,JO,2021-08-04 00:21:19,30.3222,35.4793,73.04,29,0,0.4
507,Half Moon Bay,US,2021-08-04 00:21:19,37.4636,-122.4286,94.75,63,20,10.36
508,De Aar,ZA,2021-08-04 00:21:20,-30.6497,24.0123,48.56,24,0,5.41
509,Faya,SA,2021-08-04 00:21:20,18.3851,42.4509,64.51,71,55,5.28
510,Sakakah,SA,2021-08-04 00:21:20,29.9697,40.2064,87.37,15,1,8.37
511,Karaton,ID,2021-08-04 00:21:21,-6.3424,106.1045,78.96,90,40,1.59
512,Coahuayana,MX,2021-08-04 00:21:21,18.7333,-103.6833,83.68,73,44,4.47
513,Marzuq,YE,2021-08-04 00:21:22,14.4,46.4667,80.49,59,57,5.84
514,Yulara,AU,2021-08-04 00:21:22,-25.2406,130.9889,53.44,47,0,12.66
515,Mulege,MX,2021-08-04 00:21:22,26.8833,-111.9833,94.87,45,8,7.31
516,Novokizhinginsk,RU,2021-08-04 00:21:23,51.6115,109.5917,57.87,82,96,4.52
517,Nkowakowa,ZA,2021-08-04 00:21:23,-23.8878,30.2871,48.25,65,0,3.96
518,Venado Tuerto,AR,2021-08-04 00:21:24,-33.7456,-61.9688,46.78,51,34,7.99
519,Okato,NZ,2021-08-04 00:21:24,-39.2,173.8833,52.43,60,18,1.28
520,Lompoc,US,2021-08-04 00:18:59,34.6391,-120.4579,85.69,73,1,16.11
521,Puerto Montt,CL,2021-08-04 00:21:25,-41.4698,-72.9447,47.23,100,90,6.91
522,Llandrindod Wells,GB,2021-08-04 00:21:25,52.2416,-3.3787,56.37,91,85,1.83
523,Bonthe,SL,2021-08-04 00:21:25,7.5264,-12.505,76.55,77,30,5.99
524,Whitehorse,CA,2021-08-04 00:19:47,60.7161,-135.0538,73.02,37,75,11.99
525,Znamenskoye,RU,2021-08-04 00:21:26,57.1281,73.8282,53.6,99,56,5.01
526,Chimoio,MZ,2021-08-04 00:21:26,-19.1164,33.4833,55.26,100,20,2.8
527,Metsavan,AM,2021-08-04 00:21:26,41.2016,44.2288,58.44,49,0,4.09
528,Kokkola,FI,2021-08-04 00:21:27,63.8385,23.1307,59.94,75,0,3.0
529,Miles City,US,2021-08-04 00:21:27,46.4083,-105.8406,83.37,39,1,19.57
530,Beloha,MG,2021-08-04 00:21:27,-25.1667,45.05,61.29,75,38,12.84
531,Narsaq,GL,2021-08-04 00:21:28,60.9167,-46.05,46.62,94,100,1.39
532,York,US,2021-08-04 00:19:08,40.1254,-77.0,74.77,55,100,5.46
533,Tabas,IR,2021-08-04 00:21:28,33.5959,56.9244,84.11,12,16,5.35
534,Thomaston,US,2021-08-04 00:21:28,32.8882,-84.3266,82.04,75,75,1.99
535,Saint-Denis,FR,2021-08-04 00:21:29,48.9167,2.3333,59.61,84,20,3.44
536,Nemuro,JP,2021-08-04 00:21:29,43.3236,145.575,68.43,96,99,8.95
537,Constitucion,CL,2021-08-04 00:21:29,-35.3333,-72.4167,52.61,79,4,4.03
538,Bilma,NE,2021-08-04 00:21:30,18.6853,12.9164,93.96,29,1,10.38
539,Bejar,ES,2021-08-04 00:21:30,40.3864,-5.7634,64.54,52,97,4.9
540,Harper,LR,2021-08-04 00:21:30,4.375,-7.7169,75.96,83,79,6.78
541,Yoichi,JP,2021-08-04 00:21:31,43.2039,140.7703,88.23,83,98,3.74
542,Maun,BW,2021-08-04 00:21:31,-19.9833,23.4167,57.16,38,0,8.05
543,Balkanabat,TM,2021-08-04 00:21:31,39.5108,54.3671,85.53,32,50,2.08
544,Coracora,PE,2021-08-04 00:21:32,-15.0333,-73.7833,48.65,72,92,5.1
545,Svetlogorsk,BY,2021-08-04 00:21:32,52.6333,29.7333,55.58,80,47,5.28
546,Taoudenni,ML,2021-08-04 00:21:33,22.6783,-3.9836,104.0,15,32,5.5
547,Puerto Escondido,MX,2021-08-04 00:21:33,15.85,-97.0667,85.03,70,75,6.91
548,Tuy Hoa,VN,2021-08-04 00:21:34,13.0833,109.3,85.05,64,100,12.86
549,Ixtapa,MX,2021-08-04 00:21:34,20.7,-105.2,85.23,74,90,10.36
550,Lembeni,TZ,2021-08-04 00:21:34,-3.7833,37.6167,63.19,81,66,1.3
551,Hay River,CA,2021-08-04 00:21:35,60.8156,-115.7999,60.78,77,90,14.97
552,Aksu,CN,2021-08-04 00:21:35,41.1231,80.2644,73.4,38,35,1.54
553,Effingham,US,2021-08-04 00:12:51,32.3669,-81.3332,80.83,88,97,5.19
